{
  "mean": [
    0.1544782608695652,
    1.565217391304348,
    13304.217391304348,
    14184.652173913044,
    0.45652173913043476,
    0.2391304347826087,
    0.2391304347826087,
    1.326086956521739,
    0.10869565217391304,
    0.10869565217391304,
    0.1108695652173913,
    0.8913043478260869,
    1.0,
    0.021739130434782608,
    0.021739130434782608
  ],
  "scale": [
    0.20367885411688355,
    1.6765929986659864,
    37557.782166956655,
    37920.39524778957,
    1.0775681505559762,
    1.046417960570325,
    1.046417960570325,
    1.5330326271533898,
    0.31125697963644244,
    0.31125697963644244,
    0.31066426787545676,
    1.2892239133202381,
    1.0,
    0.14583052027172538,
    0.1458305202717254
  ],
  "var": [
    0.041485075614366734,
    2.8109640831758043,
    1410587001.3005674,
    1437956375.7485821,
    1.161153119092627,
    1.0949905482041584,
    1.0949905482041584,
    2.350189035916824,
    0.09688090737240074,
    0.09688090737240074,
    0.09651228733459355,
    1.6620982986767487,
    0.0,
    0.021266540642722105,
    0.021266540642722112
  ]
}