{
  "mean": [
    0.08878698224852072,
    1.7159763313609468,
    12240.562130177515,
    12493.449704142013,
    0.378698224852071,
    0.7928994082840237,
    0.5621301775147929,
    0.9230769230769231,
    0.4970414201183432,
    0.26627218934911245,
    0.29142011834319526,
    0.6523668639053254,
    1.0,
    0.01775147928994083,
    0.01775147928994083
  ],
  "scale": [
    0.165507902729873,
    1.8306510367556963,
    69424.96689435036,
    69481.5879773695,
    0.7368705361447618,
    1.3494497657766589,
    1.379472571227783,
    1.7303418275695375,
    0.4999912467284642,
    0.44200826975107926,
    0.4273217762104508,
    1.0620930916041966,
    1.0,
    0.13204682606166507,
    0.1320468260616651
  ],
  "var": [
    0.027392865866041106,
    3.351283218374706,
    4819826028.281644,
    4827691067.856938,
    0.5429781870382688,
    1.8210146703546795,
    1.9029445747697913,
    2.9940828402366866,
    0.24999124680508392,
    0.19537131052834286,
    0.18260390042365462,
    1.1280417352333603,
    0.0,
    0.01743636427295963,
    0.017436364272959633
  ]
}